8000,2,0.2286,71.3,0.00293031,115.996
20000.0,0.0,0.0254,71.3,0.000400682,123.217
4000.0,11.2,0.0508,71.3,0.014072,122.471
400,17.4,0.0254,71.3,0.016104,117.396
1250.0,0.0,0.1524,71.3,0.0015988,128.927
630,4,0.2286,71.3,0.00400603,129.038
8000.0,15.4,0.0508,71.3,0.0264269,112.675
630.0,0.0,0.3048,31.7,0.00331266,129.095
2000.0,0.0,0.3048,71.3,0.00266337,127.461
1000.0,8.4,0.0508,31.7,0.00580776,129.516
6300.0,2.0,0.2286,55.5,0.00313525,118.712
5000.0,0.0,0.3048,55.5,0.00283081,119.606
2500.0,0.0,0.0508,39.6,0.000791822,134.938
1000,22.2,0.0254,39.6,0.0229028,128.416
630.0,12.7,0.0254,39.6,0.0130253,128.867
2500.0,19.7,0.0508,71.3,0.0341183,118.385
315.0,0.0,0.3048,39.6,0.00310138,122.779
5000.0,9.5,0.0254,31.7,0.00461377,124.426
1000.0,3.3,0.1016,71.3,0.00202822,131.434
5000.0,4.0,0.3048,39.6,0.00579636,113.733
10000,0,0.1016,39.6,0.00146332,119.561
4000.0,5.4,0.1524,31.7,0.00525474,116.181
2000,15.6,0.1016,71.3,0.0437259,119.888
630.0,5.4,0.1524,39.6,0.00485029,132.357
400,3,0.3048,55.5,0.00452492,126.159
2000.0,9.9,0.1524,39.6,0.0233328,117.925
1250,12.3,0.1016,55.5,0.0368233,124.214
1000,12.3,0.1016,71.3,0.0337792,127.928
5000.0,0.0,0.3048,31.7,0.00331266,115.645
5000,4,0.2286,39.6,0.00473801,117.649
6300.0,9.9,0.1524,71.3,0.0193001,112.039
3150,4,0.3048,39.6,0.00579636,118.743
1000.0,1.5,0.3048,71.3,0.00336729,125.992
3150.0,3.3,0.1016,39.6,0.00245138,128.401
200.0,17.4,0.0254,39.6,0.0172206,114.044
500.0,9.5,0.0254,55.5,0.0043284,123.082
4000,8.9,0.1016,39.6,0.0124596,116.22
2000.0,17.4,0.0254,55.5,0.0165706,125.261
800,7.2,0.1524,71.3,0.00752039,136.023
630,7.3,0.2286,71.3,0.0104404,133.768
1600.0,0.0,0.0508,55.5,0.00076193,128.576
2000.0,4.2,0.0508,39.6,0.00152689,132.587
3150.0,7.3,0.2286,55.5,0.0111706,117.134
6300.0,5.4,0.1524,39.6,0.00485029,116.677
1250.0,8.4,0.0508,55.5,0.00544854,132.252
1600.0,0.0,0.1016,31.7,0.00150092,133.553
1600.0,12.7,0.0254,71.3,0.0121808,134.528
2000.0,0.0,0.0508,31.7,0.000812164,133.01
1250.0,0.0,0.1524,39.6,0.00193287,131.023
500.0,5.4,0.1524,55.5,0.00433288,129.367
800.0,0.0,0.3048,71.3,0.00266337,126.201
630.0,3.0,0.3048,31.7,0.00529514,128.698
1250,17.4,0.0254,71.3,0.016104,126.356
1250.0,9.9,0.1524,55.5,0.0208438,121.635
6300.0,0.0,0.1524,55.5,0.00172668,123.303
2000,3.3,0.1016,55.5,0.002211,133.649
2500.0,0.0,0.0508,55.5,0.00076193,133.956
4000.0,2.7,0.1524,71.3,0.00243851,126.534
6300.0,3.3,0.1016,39.6,0.00245138,120.851
800.0,15.4,0.0508,71.3,0.0264269,131.515
315.0,7.3,0.2286,71.3,0.0104404,139.808
315.0,15.4,0.0508,71.3,0.0264269,126.195
1250,15.4,0.0508,71.3,0.0264269,130.845
2500.0,0.0,0.3048,31.7,0.00331266,120.755
2500,0,0.3048,71.3,0.00266337,125.571
2500.0,0.0,0.0508,71.3,0.000740478,131.31
4000.0,7.3,0.2286,39.6,0.0123481,114.079
5000.0,12.6,0.1524,39.6,0.0584113,104.13
12500.0,0.0,0.3048,39.6,0.00310138,109.619
6300.0,0.0,0.1524,39.6,0.00193287,121.313
400,0,0.3048,39.6,0.00310138,124.809
3150.0,0.0,0.0508,39.6,0.000791822,135.938
6300.0,0.0,0.3048,39.6,0.00310138,116.229
6300.0,8.9,0.1016,39.6,0.0124596,113.11
6300.0,12.3,0.1016,55.5,0.0368233,110.124
630.0,12.6,0.1524,39.6,0.0584113,116.55
2500.0,7.2,0.1524,71.3,0.00752039,124.353
4000.0,0.0,0.1016,55.5,0.00131983,129.5
10000.0,0.0,0.3048,31.7,0.00331266,108.265
1250.0,15.4,0.0508,55.5,0.0271925,130.0
1000.0,9.9,0.1524,31.7,0.0252785,122.149
1250.0,4.0,0.2286,39.6,0.00473801,128.339
4000.0,9.5,0.0254,55.5,0.0043284,131.582
3150.0,12.7,0.0254,39.6,0.0130253,127.847
2000.0,4.0,0.2286,71.3,0.00400603,126.218
4000.0,0.0,0.2286,31.7,0.0027238,122.035
1250.0,6.7,0.1016,71.3,0.00478288,137.658
2000,7.3,0.2286,31.7,0.0132672,115.309
3150.0,12.6,0.1524,39.6,0.0584113,106.26
200.0,12.3,0.1016,71.3,0.0337792,130.588
2500.0,3.0,0.3048,39.6,0.00495741,120.162
1600.0,4.0,0.2286,55.5,0.0042862,128.264
2500.0,12.3,0.1016,31.7,0.0418756,110.317
5000.0,9.9,0.1524,55.5,0.0208438,112.065
5000.0,3.0,0.3048,39.6,0.00495741,115.792
5000,0,0.1016,39.6,0.00146332,126.021
8000,3.3,0.1016,39.6,0.00245138,118.091
4000.0,0.0,0.1524,31.7,0.00209405,123.807
4000.0,1.5,0.3048,71.3,0.00336729,121.762
250.0,0.0,0.3048,31.7,0.00331266,118.595
1250.0,0.0,0.1016,55.5,0.00131983,131.43
400.0,15.4,0.0508,39.6,0.0282593,125.353
1250.0,6.7,0.1016,55.5,0.0052139,136.883
315.0,22.2,0.0254,71.3,0.0214178,115.857
1250.0,6.7,0.1016,31.7,0.00592927,129.256
6300.0,4.2,0.0508,71.3,0.00142788,129.308
800.0,12.3,0.1016,55.5,0.0368233,125.114
800.0,11.2,0.0508,71.3,0.014072,136.031
10000.0,0.0,0.1016,55.5,0.00131983,121.93
4000,5.4,0.1524,55.5,0.00433288,119.737
2000.0,17.4,0.0254,39.6,0.0172206,126.644
1000.0,0.0,0.1524,71.3,0.0015988,127.307
4000,4,0.2286,39.6,0.00473801,119.159
800.0,4.8,0.0254,39.6,0.000907475,120.766
4000.0,4.2,0.0508,71.3,0.00142788,133.598
500.0,4.0,0.2286,39.6,0.00473801,127.039
1250,0,0.0254,31.7,0.000439472,127.947
400.0,5.3,0.2286,71.3,0.0051942,127.7
3150.0,7.3,0.2286,31.7,0.0132672,113.229
4000.0,12.7,0.0254,39.6,0.0130253,126.537
315.0,0.0,0.2286,39.6,0.00253511,121.055
630.0,6.7,0.1016,39.6,0.00578076,133.355
1250,9.9,0.1524,71.3,0.0193001,122.679
1000,0,0.1016,71.3,0.00121072,128.825
4000.0,3.3,0.1016,55.5,0.002211,127.229
2500.0,4.8,0.0254,55.5,0.000873218,129.144
2000.0,11.2,0.0508,39.6,0.0150478,124.42
2000,4.8,0.0254,31.7,0.000930789,130.148
800.0,0.0,0.1524,71.3,0.0015988,125.817
1600.0,7.3,0.2286,31.7,0.0132672,119.039
3150.0,5.4,0.1524,55.5,0.00433288,121.587
630.0,2.0,0.2286,71.3,0.00293031,127.356
1600.0,9.9,0.1524,31.7,0.0252785,117.119
2500.0,17.4,0.0254,39.6,0.0172206,124.154
12500.0,2.7,0.1524,71.3,0.00243851,113.034
1000,12.7,0.0254,39.6,0.0130253,130.947
1250.0,15.4,0.0508,31.7,0.0289853,123.255
2500.0,4.0,0.2286,31.7,0.00509068,120.209
2500.0,0.0,0.0508,31.7,0.000812164,134.87
10000.0,4.2,0.0508,71.3,0.00142788,121.238
500.0,12.6,0.1524,39.6,0.0584113,114.9
3150.0,17.4,0.0254,31.7,0.0176631,123.466
6300.0,7.3,0.2286,39.6,0.0123481,110.839
1600.0,3.0,0.3048,55.5,0.00452492,124.439
6300.0,0.0,0.0508,55.5,0.00076193,132.796
630.0,15.4,0.0508,31.7,0.0289853,124.685
1600,6.7,0.1016,71.3,0.00478288,136.678
630.0,2.7,0.1524,39.6,0.00294804,125.809
630.0,17.4,0.0254,71.3,0.016104,122.606
5000.0,15.4,0.0508,31.7,0.0289853,112.355
800,6.7,0.1016,39.6,0.00578076,134.625
6300.0,1.5,0.3048,71.3,0.00336729,118.122
2500,8.9,0.1016,39.6,0.0124596,119.19
3150.0,8.9,0.1016,39.6,0.0124596,119.35
4000.0,4.2,0.0508,39.6,0.00152689,131.807
250.0,12.3,0.1016,31.7,0.0418756,125.857
2000,0,0.3048,31.7,0.00331266,122.375
6300.0,7.3,0.2286,31.7,0.0132672,110.689
400.0,0.0,0.2286,39.6,0.00253511,123.565
8000.0,7.2,0.1524,71.3,0.00752039,113.333
5000.0,15.4,0.0508,39.6,0.0282593,114.453
4000.0,0.0,0.2286,39.6,0.00253511,123.465
2500,7.3,0.2286,31.7,0.0132672,114.709
4000.0,7.2,0.1524,39.6,0.00909175,114.258
1250.0,2.7,0.1524,71.3,0.00243851,130.144
10000,2.7,0.1524,71.3,0.00243851,116.724
8000.0,0.0,0.1524,31.7,0.00209405,117.957
400.0,2.0,0.2286,31.7,0.00372371,123.417
800.0,7.3,0.2286,55.5,0.0111706,128.444
1000,6.7,0.1016,71.3,0.00478288,136.758
400.0,5.3,0.2286,39.6,0.00614329,131.221
4000,9.5,0.0254,31.7,0.00461377,126.736
3150.0,22.2,0.0254,39.6,0.0229028,120.856
1250.0,12.7,0.0254,39.6,0.0130253,130.777
2500.0,15.4,0.0508,31.7,0.0289853,119.945
12500.0,0.0,0.1524,71.3,0.0015988,117.087
1600,11.2,0.0508,39.6,0.0150478,126.54
2500.0,5.3,0.2286,39.6,0.00614329,116.151
3150,0,0.2286,31.7,0.0027238,123.445
5000.0,9.5,0.0254,55.5,0.0043284,128.412
400.0,4.0,0.2286,31.7,0.00509068,126.149
800,9.9,0.1524,39.6,0.0233328,126.345
315.0,12.3,0.1016,71.3,0.0337792,137.068
3150.0,5.4,0.1524,39.6,0.00485029,119.137
2000,22.2,0.0254,39.6,0.0229028,121.256
2000.0,9.5,0.0254,31.7,0.00461377,130.496
4000,15.4,0.0508,31.7,0.0289853,115.635
2500.0,6.7,0.1016,71.3,0.00478288,131.458
315.0,9.5,0.0254,39.6,0.00449821,119.294
1250.0,11.2,0.0508,39.6,0.0150478,130.05
10000.0,0.0,0.2286,71.3,0.00214345,118.134
250.0,17.4,0.0254,31.7,0.0176631,116.956
315.0,7.2,0.1524,39.6,0.00909175,130.558
20000.0,0.0,0.2286,71.3,0.00214345,114.474
6300.0,0.0,0.1016,31.7,0.00150092,124.253
20000.0,4.8,0.0254,55.5,0.000873218,121.284
1600,0,0.0508,31.7,0.000812164,131.01
1250.0,0.0,0.0508,71.3,0.000740478,128.56
1250.0,22.2,0.0254,39.6,0.0229028,126.446
630,2,0.2286,31.7,0.00372371,129.057
800.0,4.0,0.3048,39.6,0.00579636,130.723
800.0,0.0,0.1016,71.3,0.00121072,126.805
1000,17.4,0.0254,39.6,0.0172206,138.274
4000.0,0.0,0.0254,71.3,0.000400682,138.557
315.0,12.7,0.0254,71.3,0.0121808,122.938
800.0,17.4,0.0254,71.3,0.016104,124.276
4000,12.3,0.1016,55.5,0.0368233,114.404
315,19.7,0.0508,71.3,0.0341183,121.235
2000.0,1.5,0.3048,71.3,0.00336729,126.642
1000.0,8.4,0.0508,39.6,0.00566229,130.195
500.0,4.8,0.0254,39.6,0.000907475,116.366
8000.0,3.3,0.1016,31.7,0.00251435,117.432
1000.0,0.0,0.3048,39.6,0.00310138,127.899
1000,0,0.0508,71.3,0.000740478,129.45
400,7.2,0.1524,39.6,0.00909175,132.118
12500,4.2,0.0508,71.3,0.00142788,117.328
2000.0,12.6,0.1524,39.6,0.0584113,109.52
3150,4.8,0.0254,55.5,0.000873218,132.354
1250.0,2.0,0.2286,71.3,0.00293031,128.816
1000.0,3.0,0.3048,55.5,0.00452492,129.329
630.0,0.0,0.1524,31.7,0.00209405,125.997
800.0,15.4,0.0508,31.7,0.0289853,125.555
1250.0,8.4,0.0508,71.3,0.00529514,132.086
1250.0,9.5,0.0254,31.7,0.00461377,131.446
2500.0,0.0,0.1524,31.7,0.00209405,125.867
10000.0,0.0,0.1016,71.3,0.00121072,123.305
630.0,19.7,0.0508,71.3,0.0341183,128.365
4000,4,0.2286,55.5,0.0042862,120.654
200.0,19.7,0.0508,71.3,0.0341183,118.005
400.0,7.3,0.2286,55.5,0.0111706,135.924
1250.0,7.3,0.2286,39.6,0.0123481,123.189
6300.0,7.3,0.2286,55.5,0.0111706,111.534
1000.0,3.0,0.3048,39.6,0.00495741,128.312
8000.0,0.0,0.1524,71.3,0.0015988,122.527
1000.0,12.3,0.1016,55.5,0.0368233,125.484
2500,0,0.1016,71.3,0.00121072,132.595
1600.0,8.4,0.0508,39.6,0.00566229,130.965
1600.0,5.3,0.2286,39.6,0.00614329,123.081
2500.0,15.6,0.1016,71.3,0.0437259,118.998
630.0,5.3,0.2286,71.3,0.0051942,131.8
800.0,1.5,0.3048,71.3,0.00336729,127.122
800.0,17.4,0.0254,31.7,0.0176631,139.226
315.0,12.3,0.1016,31.7,0.0418756,124.717
10000.0,1.5,0.3048,71.3,0.00336729,113.492
5000,2,0.2286,31.7,0.00372371,118.267
630,12.7,0.0254,71.3,0.0121808,128.878
500,0,0.3048,39.6,0.00310138,126.959
1250.0,11.2,0.0508,71.3,0.014072,136.191
630.0,12.3,0.1016,71.3,0.0337792,135.368
200.0,11.2,0.0508,39.6,0.0150478,125.01
630.0,5.4,0.1524,31.7,0.00525474,131.471
2000.0,2.7,0.1524,39.6,0.00294804,128.139
1250,22.2,0.0254,71.3,0.0214178,140.987
500.0,19.7,0.0508,39.6,0.036484,128.444
1600.0,17.4,0.0254,71.3,0.016104,126.406
1600.0,15.4,0.0508,71.3,0.0264269,130.065
3150.0,0.0,0.1524,39.6,0.00193287,125.603
1600,17.4,0.0254,39.6,0.0172206,127.614
3150.0,3.0,0.3048,31.7,0.00529514,118.108
6300.0,0.0,0.0508,39.6,0.000791822,131.918
500,7.2,0.1524,39.6,0.00909175,132.658
500.0,12.7,0.0254,71.3,0.0121808,126.898
400.0,11.2,0.0508,39.6,0.0150478,130.67
200.0,19.7,0.0508,39.6,0.036484,125.974
1000.0,0.0,0.0508,55.5,0.00076193,125.586
2500.0,7.3,0.2286,71.3,0.0104404,122.088
400,12.7,0.0254,39.6,0.0130253,125.527
6300,3,0.3048,55.5,0.00452492,115.679
8000,2.7,0.1524,39.6,0.00294804,116.659
6300.0,0.0,0.1016,71.3,0.00121072,129.395
200.0,15.4,0.0508,71.3,0.0264269,123.595
4000.0,7.3,0.2286,31.7,0.0132672,112.639
5000.0,0.0,0.1524,39.6,0.00193287,123.453
2500,19.7,0.0508,39.6,0.036484,116.184
5000.0,0.0,0.0508,39.6,0.000791822,134.308
4000.0,8.9,0.1016,71.3,0.0103088,120.243
4000.0,0.0,0.3048,31.7,0.00331266,118.145
5000.0,9.9,0.1524,71.3,0.0193001,114.569
4000.0,17.4,0.0254,71.3,0.016104,125.586
630.0,3.0,0.3048,39.6,0.00495741,129.292
250.0,4.0,0.3048,39.6,0.00579636,123.543
4000.0,3.3,0.1016,71.3,0.00202822,128.704
3150.0,9.5,0.0254,55.5,0.0043284,133.252
400.0,6.7,0.1016,39.6,0.00578076,128.295
3150.0,22.2,0.0254,71.3,0.0214178,124.127
5000.0,7.3,0.2286,31.7,0.0132672,111.029
4000.0,0.0,0.1524,55.5,0.00172668,127.233
4000.0,3.0,0.3048,39.6,0.00495741,116.792
1250.0,0.0,0.3048,31.7,0.00331266,124.355
6300,9.5,0.0254,71.3,0.00420654,127.246
8000.0,4.2,0.0508,71.3,0.00142788,125.268
3150.0,15.4,0.0508,71.3,0.0264269,125.715
5000.0,22.2,0.0254,39.6,0.0229028,118.816
2500.0,15.4,0.0508,55.5,0.0271925,125.63
630.0,17.4,0.0254,55.5,0.0165706,122.411
5000.0,0.0,0.0508,71.3,0.000740478,134.43
4000.0,2.0,0.2286,71.3,0.00293031,124.086
6300.0,0.0,0.0254,71.3,0.000400682,134.987
2000.0,4.2,0.0508,71.3,0.00142788,129.848
3150.0,1.5,0.3048,39.6,0.00392107,119.111
800.0,6.7,0.1016,71.3,0.00478288,134.478
630,9.9,0.1524,71.3,0.0193001,129.889
3150,15.4,0.0508,31.7,0.0289853,118.045
6300.0,8.9,0.1016,71.3,0.0103088,117.253
3150.0,0.0,0.1524,71.3,0.0015988,129.377
3150.0,3.3,0.1016,71.3,0.00202822,132.114
6300.0,3.0,0.3048,31.7,0.00529514,109.718
1250,5.3,0.2286,39.6,0.00614329,125.721
4000,9.9,0.1524,39.6,0.0233328,112.265
2500,0,0.2286,55.5,0.00229336,126.54
8000,0,0.0508,55.5,0.00076193,130.156
1000.0,5.4,0.1524,71.3,0.00401199,133.201
500,0,0.2286,31.7,0.0027238,126.675
4000.0,2.0,0.2286,31.7,0.00372371,120.527
1000.0,4.0,0.3048,71.3,0.00497773,131.015
1000,12.3,0.1016,31.7,0.0418756,119.777
500.0,12.3,0.1016,39.6,0.0408268,122.205
5000.0,7.3,0.2286,55.5,0.0111706,113.144
1600.0,0.0,0.2286,39.6,0.00253511,127.095
400.0,7.3,0.2286,31.7,0.0132672,130.269
400.0,0.0,0.2286,31.7,0.0027238,123.635
2000,4,0.3048,71.3,0.00497773,124.395
5000.0,3.3,0.1016,39.6,0.00245138,122.371
500.0,17.4,0.0254,55.5,0.0165706,119.621
400.0,12.6,0.1524,39.6,0.0584113,115.91
800.0,17.4,0.0254,55.5,0.0165706,123.091
630.0,2.0,0.2286,39.6,0.00346574,127.417
500.0,15.4,0.0508,71.3,0.0264269,127.285
1600.0,0.0,0.2286,71.3,0.00214345,129.134
2500.0,8.4,0.0508,31.7,0.00580776,125.576
6300.0,12.6,0.1524,71.3,0.0483159,107.284
400.0,19.7,0.0508,71.3,0.0341183,123.865
4000,19.7,0.0508,39.6,0.036484,108.684
5000.0,0.0,0.1016,71.3,0.00121072,130.795
2000.0,3.3,0.1016,71.3,0.00202822,134.034
2500.0,22.2,0.0254,39.6,0.0229028,121.306
200.0,7.3,0.2286,55.5,0.0111706,135.234
500.0,4.8,0.0254,31.7,0.000930789,116.128
315.0,4.0,0.3048,71.3,0.00497773,128.175
800.0,4.0,0.3048,71.3,0.00497773,131.755
2500.0,17.4,0.0254,31.7,0.0176631,124.166
8000,0,0.1016,55.5,0.00131983,124.45
8000.0,7.2,0.1524,39.6,0.00909175,111.588
315.0,2.0,0.2286,39.6,0.00346574,120.137
6300.0,0.0,0.3048,71.3,0.00266337,119.541
1250,3.3,0.1016,55.5,0.002211,132.769
12500,4.8,0.0254,71.3,0.000848633,127.688
3150,9.5,0.0254,31.7,0.00461377,128.536
400.0,9.5,0.0254,31.7,0.00461377,124.756
2000.0,0.0,0.0508,39.6,0.000791822,132.918
1600.0,0.0,0.2286,31.7,0.0027238,125.625
1000.0,12.6,0.1524,71.3,0.0483159,122.044
12500.0,0.0,0.3048,55.5,0.00283081,111.076
5000.0,4.8,0.0254,55.5,0.000873218,135.484
1600,4,0.3048,39.6,0.00579636,123.213
1600.0,0.0,0.2286,55.5,0.00229336,126.79
1250.0,4.0,0.2286,31.7,0.00509068,128.119
315.0,7.2,0.1524,71.3,0.00752039,128.713
10000.0,0.0,0.1016,31.7,0.00150092,115.893
800.0,8.4,0.0508,31.7,0.00580776,128.246
1000.0,17.4,0.0254,55.5,0.0165706,126.001
800.0,7.3,0.2286,31.7,0.0132672,123.209
12500.0,1.5,0.3048,39.6,0.00392107,106.111
2000.0,0.0,0.3048,55.5,0.00283081,126.616
315.0,17.4,0.0254,71.3,0.016104,115.846
1000,0,0.1524,39.6,0.00193287,130.033
5000.0,0.0,0.0508,31.7,0.000812164,133.23
5000.0,8.4,0.0508,55.5,0.00544854,115.812
12500,1.5,0.3048,71.3,0.00336729,109.222
500.0,17.4,0.0254,31.7,0.0176631,127.676
500.0,19.7,0.0508,71.3,0.0341183,126.995
5000,2.7,0.1524,71.3,0.00243851,124.364
4000.0,15.4,0.0508,55.5,0.0271925,120.92
6300.0,7.2,0.1524,71.3,0.00752039,116.603
400.0,17.4,0.0254,39.6,0.0172206,115.444
6300.0,5.4,0.1524,55.5,0.00433288,117.287
1600.0,5.4,0.1524,39.6,0.00485029,126.267
400.0,7.3,0.2286,71.3,0.0104404,139.438
630,2.7,0.1524,71.3,0.00243851,127.404
800,0,0.0508,71.3,0.000740478,130.96
2000.0,9.5,0.0254,71.3,0.00420654,134.976
2500.0,3.0,0.3048,31.7,0.00529514,119.598
2000.0,12.3,0.1016,31.7,0.0418756,110.447
3150.0,0.0,0.0254,55.5,0.00041229,130.503
4000.0,9.9,0.1524,71.3,0.0193001,115.079
1000.0,17.4,0.0254,31.7,0.0176631,131.796
5000.0,7.3,0.2286,71.3,0.0104404,115.298
315.0,17.4,0.0254,31.7,0.0176631,118.416
2000.0,9.9,0.1524,31.7,0.0252785,116.859
500.0,5.4,0.1524,31.7,0.00525474,129.681
1600,9.5,0.0254,55.5,0.0043284,133.062
800.0,15.6,0.1016,71.3,0.0437259,124.188
8000.0,0.0,0.0254,71.3,0.000400682,129.867
315.0,15.4,0.0508,39.6,0.0282593,124.493
10000,0,0.0254,71.3,0.000400682,130.787
200.0,12.3,0.1016,31.7,0.0418756,124.987
1600.0,0.0,0.3048,31.7,0.00331266,122.365
2500.0,0.0,0.0254,55.5,0.00041229,130.073
1250.0,12.6,0.1524,71.3,0.0483159,120.154
630.0,3.3,0.1016,39.6,0.00245138,127.251
500.0,9.5,0.0254,39.6,0.00449821,123.894
12500.0,0.0,0.1016,55.5,0.00131983,119.91
1250.0,2.0,0.2286,31.7,0.00372371,128.677
10000,0,0.0254,55.5,0.00041229,134.563
1250.0,0.0,0.1524,31.7,0.00209405,131.467
5000.0,12.3,0.1016,71.3,0.0337792,116.108
2000.0,7.3,0.2286,39.6,0.0123481,117.809
12500,0,0.0254,71.3,0.000400682,133.207
3150.0,8.4,0.0508,31.7,0.00580776,122.086
2500.0,2.0,0.2286,39.6,0.00346574,121.397
16000,0,0.1524,55.5,0.00172668,112.803
8000.0,1.5,0.3048,39.6,0.00392107,112.251
1600,17.4,0.0254,31.7,0.0176631,126.846
250.0,22.2,0.0254,39.6,0.0229028,117.386
1000,12.3,0.1016,39.6,0.0408268,122.435
500.0,0.0,0.1524,31.7,0.00209405,121.617
630.0,0.0,0.2286,31.7,0.0027238,129.465
500.0,6.7,0.1016,39.6,0.00578076,130.955
10000.0,5.3,0.2286,71.3,0.0051942,111.35
315.0,4.0,0.2286,39.6,0.00473801,122.229
4000.0,17.4,0.0254,39.6,0.0172206,122.724
5000.0,0.0,0.2286,31.7,0.0027238,120.505
20000.0,0.0,0.0254,55.5,0.00041229,121.933
500,7.3,0.2286,39.6,0.0123481,130.299
1600.0,12.6,0.1524,39.6,0.0584113,110.78
3150.0,0.0,0.3048,31.7,0.00331266,119.135
3150,3.3,0.1016,55.5,0.002211,130.629
2000,0,0.1524,71.3,0.0015988,128.647
4000.0,22.2,0.0254,71.3,0.0214178,123.917
1000,7.3,0.2286,55.5,0.0111706,125.194
2000,17.4,0.0254,71.3,0.016104,126.826
8000.0,2.7,0.1524,71.3,0.00243851,120.534
4000.0,0.0,0.3048,39.6,0.00310138,119.229
1250.0,8.4,0.0508,31.7,0.00580776,130.156
800.0,8.4,0.0508,55.5,0.00544854,128.562
800,12.3,0.1016,71.3,0.0337792,127.318
3150.0,11.2,0.0508,71.3,0.014072,127.141
2500.0,0.0,0.2286,71.3,0.00214345,128.354
12500.0,0.0,0.0254,55.5,0.00041229,131.453
1000.0,12.6,0.1524,39.6,0.0584113,114.67
500.0,7.2,0.1524,71.3,0.00752039,132.043
2000,9.9,0.1524,55.5,0.0208438,119.505
1250.0,0.0,0.1016,39.6,0.00146332,132.271
500.0,9.9,0.1524,39.6,0.0233328,126.835
5000.0,15.6,0.1016,39.6,0.0528487,106.224
1600.0,2.0,0.2286,71.3,0.00293031,127.796
250.0,4.0,0.2286,31.7,0.00509068,120.189
800.0,3.3,0.1016,55.5,0.002211,129.119
1250.0,0.0,0.3048,39.6,0.00310138,125.499
3150.0,2.7,0.1524,71.3,0.00243851,127.054
4000.0,4.0,0.2286,71.3,0.00400603,121.728
2000.0,5.4,0.1524,55.5,0.00433288,128.707
200.0,0.0,0.3048,31.7,0.00331266,117.195
630.0,15.6,0.1016,39.6,0.0528487,118.084
500.0,5.4,0.1524,39.6,0.00485029,129.937
1250.0,19.7,0.0508,39.6,0.036484,118.634
315.0,2.0,0.2286,31.7,0.00372371,120.147
630,0,0.2286,39.6,0.00253511,128.705
16000.0,1.5,0.3048,71.3,0.00336729,106.582
400,22.2,0.0254,71.3,0.0214178,117.927
6300.0,4.8,0.0254,39.6,0.000907475,134.336
12500.0,0.0,0.1016,71.3,0.00121072,119.375
315,17.4,0.0254,55.5,0.0165706,111.911
500.0,4.0,0.3048,39.6,0.00579636,130.173
6300.0,0.0,0.2286,39.6,0.00253511,117.465
800.0,0.0,0.1524,55.5,0.00172668,126.713
200.0,7.3,0.2286,71.3,0.0104404,138.758
5000.0,15.4,0.0508,71.3,0.0264269,119.135
1600.0,3.0,0.3048,39.6,0.00495741,122.782
500,4,0.2286,55.5,0.0042862,127.314
250.0,7.3,0.2286,39.6,0.0123481,131.889
800.0,3.0,0.3048,31.7,0.00529514,128.708
10000.0,3.3,0.1016,71.3,0.00202822,116.694
500.0,9.5,0.0254,31.7,0.00461377,126.886
800.0,0.0,0.2286,55.5,0.00229336,127.53
1600,15.4,0.0508,55.5,0.0271925,128.2
6300.0,15.4,0.0508,31.7,0.0289853,108.185
8000,4,0.3048,71.3,0.00497773,113.665
2000,12.7,0.0254,39.6,0.0130253,129.567
500.0,12.6,0.1524,71.3,0.0483159,121.664
6300.0,0.0,0.0254,31.7,0.000439472,138.537
6300,9.5,0.0254,39.6,0.00449821,120.324
2500,0,0.1016,39.6,0.00146332,132.611
4000.0,12.6,0.1524,71.3,0.0483159,108.034
200.0,9.9,0.1524,55.5,0.0208438,131.955
800.0,12.7,0.0254,39.6,0.0130253,130.217
400.0,8.9,0.1016,39.6,0.0124596,135.54
400,15.4,0.0508,31.7,0.0289853,123.705
4000,0,0.0254,31.7,0.000439472,137.047
6300,3,0.3048,71.3,0.00425727,116.134
2500.0,17.4,0.0254,71.3,0.016104,126.746
5000.0,4.8,0.0254,71.3,0.000848633,135.468
2000.0,0.0,0.0254,39.6,0.000428464,130.026
10000.0,4.8,0.0254,39.6,0.000907475,126.066
800.0,0.0,0.0508,31.7,0.000812164,122.79
4000.0,19.7,0.0508,71.3,0.0341183,113.045
5000,3.3,0.1016,31.7,0.00251435,122.082
1250,0,0.1016,71.3,0.00121072,130.335
1600.0,2.7,0.1524,39.6,0.00294804,130.049
5000,4,0.2286,55.5,0.0042862,120.034
2500,1.5,0.3048,71.3,0.00336729,124.512
8000.0,1.5,0.3048,71.3,0.00336729,115.372
400.0,12.6,0.1524,71.3,0.0483159,127.094
2000.0,17.4,0.0254,31.7,0.0176631,124.356
6300.0,4.2,0.0508,39.6,0.00152689,125.717
2000.0,5.4,0.1524,39.6,0.00485029,124.647
630.0,7.3,0.2286,39.6,0.0123481,128.929
500.0,8.4,0.0508,39.6,0.00566229,122.905
315,9.9,0.1524,39.6,0.0233328,128.595
5000,4.2,0.0508,39.6,0.00152689,129.777
1000.0,4.0,0.2286,71.3,0.00400603,131.708
315.0,8.9,0.1016,71.3,0.0103088,136.583
315.0,17.4,0.0254,39.6,0.0172206,115.144
800.0,3.3,0.1016,39.6,0.00245138,129.991
630.0,17.4,0.0254,31.7,0.0176631,136.886
20000,4.8,0.0254,71.3,0.000848633,119.708
800.0,9.9,0.1524,71.3,0.0193001,128.879
1250.0,5.3,0.2286,71.3,0.0051942,133.38
250,8.9,0.1016,39.6,0.0124596,134.34
2000.0,0.0,0.2286,31.7,0.0027238,123.455
8000.0,4.0,0.2286,55.5,0.0042862,112.524
4000,5.3,0.2286,39.6,0.00614329,115.801
800.0,12.3,0.1016,31.7,0.0418756,120.037
8000.0,0.0,0.3048,39.6,0.00310138,114.779
4000.0,3.3,0.1016,39.6,0.00245138,124.881
1000.0,2.7,0.1524,71.3,0.00243851,128.774
630.0,7.2,0.1524,39.6,0.00909175,133.198
1600.0,6.7,0.1016,55.5,0.0052139,133.653
500.0,2.0,0.2286,55.5,0.00313525,124.692
5000.0,17.4,0.0254,31.7,0.0176631,117.996
1250.0,0.0,0.3048,71.3,0.00266337,125.951
4000.0,17.4,0.0254,55.5,0.0165706,121.771
2000.0,0.0,0.3048,39.6,0.00310138,123.689
500.0,12.3,0.1016,31.7,0.0418756,118.667
1000.0,15.4,0.0508,71.3,0.0264269,131.865
1600.0,3.3,0.1016,39.6,0.00245138,133.071
500.0,12.7,0.0254,39.6,0.0130253,127.127
4000.0,4.8,0.0254,39.6,0.000907475,134.996
630.0,9.5,0.0254,31.7,0.00461377,129.006
4000.0,9.5,0.0254,39.6,0.00449821,127.864
1250.0,2.7,0.1524,39.6,0.00294804,130.829
3150.0,9.9,0.1524,31.7,0.0252785,112.209
1250.0,17.4,0.0254,55.5,0.0165706,129.301
4000.0,0.0,0.3048,55.5,0.00283081,121.106
630,7.3,0.2286,31.7,0.0132672,126.189
630.0,9.5,0.0254,55.5,0.0043284,125.452
2000,3,0.3048,71.3,0.00425727,125.524
1600.0,0.0,0.1524,55.5,0.00172668,130.183
10000.0,2.0,0.2286,71.3,0.00293031,113.086
4000,8.4,0.0508,39.6,0.00566229,118.955
6300.0,0.0,0.2286,55.5,0.00229336,118.41
4000.0,12.6,0.1524,39.6,0.0584113,104.5
1000.0,9.9,0.1524,71.3,0.0193001,126.349
2500.0,0.0,0.2286,39.6,0.00253511,125.025
2500.0,0.0,0.1524,55.5,0.00172668,127.763
200.0,12.6,0.1524,71.3,0.0483159,128.354
1250,0,0.2286,55.5,0.00229336,127.91
2500.0,2.7,0.1524,39.6,0.00294804,125.589
1250.0,12.7,0.0254,71.3,0.0121808,133.048
500,12.3,0.1016,71.3,0.0337792,140.158
250.0,7.3,0.2286,55.5,0.0111706,136.384
8000.0,4.8,0.0254,31.7,0.000930789,127.008
1250.0,0.0,0.0508,31.7,0.000812164,129.27
1000.0,19.7,0.0508,71.3,0.0341183,121.885
2000.0,2.0,0.2286,39.6,0.00346574,122.797
200.0,15.6,0.1016,39.6,0.0528487,123.514
2000.0,3.0,0.3048,39.6,0.00495741,120.532
250.0,15.4,0.0508,55.5,0.0271925,124.17
1600.0,3.0,0.3048,31.7,0.00529514,122.088
2000,2,0.2286,55.5,0.00313525,124.612
1600,15.4,0.0508,31.7,0.0289853,121.485
250.0,12.3,0.1016,71.3,0.0337792,131.568
630.0,4.0,0.2286,39.6,0.00473801,129.579
800.0,4.0,0.2286,31.7,0.00509068,130.869
2500.0,0.0,0.1524,71.3,0.0015988,128.127
250.0,4.0,0.3048,71.3,0.00497773,126.395
2500.0,4.8,0.0254,31.7,0.000930789,132.588
3150.0,4.0,0.2286,31.7,0.00509068,120.229
2500.0,17.4,0.0254,55.5,0.0165706,124.931
1250.0,15.4,0.0508,39.6,0.0282593,126.743
400,3,0.3048,31.7,0.00529514,125.398
1250.0,3.0,0.3048,31.7,0.00529514,124.838
8000.0,0.0,0.0508,39.6,0.000791822,128.518
2500.0,15.6,0.1016,39.6,0.0528487,110.264
8000.0,0.0,0.2286,71.3,0.00214345,118.024
6300,4.8,0.0254,55.5,0.000873218,135.164
1250,4,0.3048,39.6,0.00579636,126.343
6300.0,0.0,0.2286,71.3,0.00214345,122.044
3150,12.3,0.1016,39.6,0.0408268,113.055
8000.0,0.0,0.1524,55.5,0.00172668,121.903
3150.0,0.0,0.3048,39.6,0.00310138,120.319
6300.0,5.4,0.1524,31.7,0.00525474,115.591
630,3.3,0.1016,31.7,0.00251435,128.952
6300.0,3.3,0.1016,71.3,0.00202822,124.904
250.0,12.3,0.1016,39.6,0.0408268,129.675
2000,7.3,0.2286,55.5,0.0111706,120.354
315,3,0.3048,31.7,0.00529514,123.118
630.0,5.4,0.1524,71.3,0.00401199,128.971
630,15.4,0.0508,55.5,0.0271925,129.33
2500.0,22.2,0.0254,71.3,0.0214178,126.097
6300.0,0.0,0.0508,31.7,0.000812164,130.34
4000.0,7.2,0.1524,71.3,0.00752039,119.343
10000.0,2.7,0.1524,39.6,0.00294804,112.589
630.0,12.3,0.1016,55.5,0.0368233,124.244
20000.0,4.0,0.2286,71.3,0.00400603,109.638
500.0,2.0,0.2286,39.6,0.00346574,125.157
200.0,8.9,0.1016,39.6,0.0124596,133.42
315.0,4.0,0.3048,39.6,0.00579636,126.843
1000.0,4.2,0.0508,39.6,0.00152689,125.647
3150.0,11.2,0.0508,39.6,0.0150478,119.67
2500.0,8.9,0.1016,71.3,0.0103088,123.623
3150.0,0.0,0.0254,39.6,0.000428464,133.276
6300,0,0.3048,55.5,0.00283081,117.976
5000.0,3.3,0.1016,71.3,0.00202822,127.054
2000,0,0.1016,31.7,0.00150092,133.153
400.0,8.4,0.0508,39.6,0.00566229,120.015
630,4,0.3048,39.6,0.00579636,131.073
800.0,4.0,0.2286,71.3,0.00400603,130.688
1250,9.5,0.0254,39.6,0.00449821,130.964
8000.0,0.0,0.0254,31.7,0.000439472,137.207
630,8.9,0.1016,39.6,0.0124596,131.92
2000.0,8.9,0.1016,39.6,0.0124596,119.04
3150.0,17.4,0.0254,39.6,0.0172206,123.564
1250.0,3.3,0.1016,71.3,0.00202822,132.304
16000.0,4.8,0.0254,71.3,0.000848633,124.208
315.0,4.0,0.2286,31.7,0.00509068,123.609
800.0,8.4,0.0508,71.3,0.00529514,127.556
6300.0,12.3,0.1016,31.7,0.0418756,107.267
2000.0,0.0,0.0254,55.5,0.00041229,127.623
400.0,6.7,0.1016,31.7,0.00592927,128.296
4000.0,17.4,0.0254,31.7,0.0176631,121.996
630.0,8.4,0.0508,31.7,0.00580776,125.856
5000,0,0.1016,55.5,0.00131983,128.36
2000.0,7.2,0.1524,71.3,0.00752039,128.643
1600.0,12.3,0.1016,39.6,0.0408268,117.875
2000,4,0.2286,39.6,0.00473801,121.659
800.0,2.0,0.2286,39.6,0.00346574,129.037
400.0,17.4,0.0254,55.5,0.0165706,115.461
400.0,2.0,0.2286,55.5,0.00313525,122.292
400.0,1.5,0.3048,39.6,0.00392107,124.001
6300.0,9.9,0.1524,55.5,0.0208438,110.555
6300.0,2.0,0.2286,39.6,0.00346574,116.417
4000.0,15.4,0.0508,39.6,0.0282593,118.113
4000.0,0.0,0.0254,39.6,0.000428464,135.346
800.0,15.4,0.0508,55.5,0.0271925,130.43
800.0,17.4,0.0254,39.6,0.0172206,135.324
200.0,9.9,0.1524,31.7,0.0252785,127.299
315.0,5.3,0.2286,39.6,0.00614329,129.691
3150.0,17.4,0.0254,55.5,0.0165706,124.101
6300.0,9.9,0.1524,31.7,0.0252785,108.689
1600,4.2,0.0508,39.6,0.00152689,130.197
400.0,4.0,0.2286,55.5,0.0042862,123.274
1600.0,7.3,0.2286,39.6,0.0123481,121.059
12500.0,0.0,0.1524,55.5,0.00172668,117.093
1000.0,11.2,0.0508,71.3,0.014072,136.941
400.0,19.7,0.0508,39.6,0.036484,130.614
2000.0,15.4,0.0508,55.5,0.0271925,127.04
3150,15.6,0.1016,39.6,0.0528487,109.254
2000.0,9.5,0.0254,55.5,0.0043284,134.052
5000.0,12.3,0.1016,55.5,0.0368233,112.014
2000.0,11.2,0.0508,71.3,0.014072,133.311
500,0,0.3048,31.7,0.00331266,127.315
500.0,9.9,0.1524,31.7,0.0252785,127.179
2500.0,15.4,0.0508,71.3,0.0264269,127.625
400,12.3,0.1016,71.3,0.0337792,139.428
400.0,12.3,0.1016,31.7,0.0418756,123.207
800.0,0.0,0.2286,39.6,0.00253511,130.205
8000.0,22.2,0.0254,71.3,0.0214178,121.657
5000.0,5.4,0.1524,39.6,0.00485029,117.037
500.0,2.7,0.1524,39.6,0.00294804,121.009
400.0,7.2,0.1524,71.3,0.00752039,130.123
5000.0,12.7,0.0254,71.3,0.0121808,128.978
5000.0,12.6,0.1524,71.3,0.0483159,108.034
400.0,9.5,0.0254,39.6,0.00449821,121.154
1000.0,5.4,0.1524,39.6,0.00485029,130.507
4000.0,3.0,0.3048,71.3,0.00425727,120.264
400.0,5.4,0.1524,39.6,0.00485029,127.637
800.0,3.0,0.3048,39.6,0.00495741,129.552
2500.0,12.3,0.1016,71.3,0.0337792,121.318
2500.0,4.0,0.2286,55.5,0.0042862,122.384
500,11.2,0.0508,71.3,0.014072,130.311
800.0,22.2,0.0254,71.3,0.0214178,123.227
250.0,9.9,0.1524,31.7,0.0252785,128.559
2500.0,3.3,0.1016,55.5,0.002211,132.889
3150.0,19.7,0.0508,71.3,0.0341183,116.225
500,15.6,0.1016,39.6,0.0528487,115.304
3150.0,5.4,0.1524,71.3,0.00401199,123.311
8000.0,5.4,0.1524,55.5,0.00433288,114.927
250.0,19.7,0.0508,71.3,0.0341183,119.115
400.0,12.3,0.1016,39.6,0.0408268,128.265
500.0,7.3,0.2286,71.3,0.0104404,136.798
3150,0,0.0508,31.7,0.000812164,135.49
1600.0,0.0,0.3048,39.6,0.00310138,124.049
250.0,9.5,0.0254,31.7,0.00461377,120.136
16000.0,4.8,0.0254,55.5,0.000873218,124.394
400.0,5.4,0.1524,55.5,0.00433288,126.807
8000.0,3.3,0.1016,55.5,0.002211,120.569
800,5.4,0.1524,71.3,0.00401199,131.281
8000,0,0.0254,55.5,0.00041229,136.163
5000.0,3.0,0.3048,31.7,0.00529514,113.858
4000.0,5.4,0.1524,39.6,0.00485029,117.137
1000.0,8.4,0.0508,55.5,0.00544854,130.722
3150.0,0.0,0.3048,71.3,0.00266337,125.201
6300.0,5.3,0.2286,39.6,0.00614329,112.541
2500.0,3.0,0.3048,71.3,0.00425727,124.024
630.0,3.0,0.3048,55.5,0.00452492,129.569
1600.0,0.0,0.0254,39.6,0.000428464,124.156
250.0,15.4,0.0508,71.3,0.0264269,124.835
630.0,0.0,0.2286,55.5,0.00229336,126.16
1000.0,15.4,0.0508,55.5,0.0271925,130.4
8000.0,4.0,0.2286,39.6,0.00473801,113.129
500,7.3,0.2286,31.7,0.0132672,128.169
2000,5.4,0.1524,71.3,0.00401199,131.111
500.0,3.0,0.3048,55.5,0.00452492,128.179
6300.0,4.0,0.2286,39.6,0.00473801,114.249
800.0,9.5,0.0254,39.6,0.00449821,129.014
400,15.4,0.0508,55.5,0.0271925,126.5
630,0,0.1016,31.7,0.00150092,126.413
200.0,17.4,0.0254,55.5,0.0165706,109.951
1000.0,9.9,0.1524,55.5,0.0208438,124.665
1600.0,9.9,0.1524,55.5,0.0208438,119.875
2500.0,5.4,0.1524,71.3,0.00401199,127.591
5000.0,22.2,0.0254,71.3,0.0214178,125.727
630.0,4.0,0.2286,31.7,0.00509068,130.349
4000.0,4.8,0.0254,31.7,0.000930789,135.328
1000.0,17.4,0.0254,71.3,0.016104,125.816
2500.0,11.2,0.0508,39.6,0.0150478,122.17
630.0,22.2,0.0254,71.3,0.0214178,120.657
6300,4.8,0.0254,71.3,0.000848633,134.498
8000.0,0.0,0.3048,71.3,0.00266337,117.151
315.0,12.3,0.1016,55.5,0.0368233,135.674
5000.0,3.0,0.3048,55.5,0.00452492,117.309
500.0,8.9,0.1016,71.3,0.0103088,138.523
500.0,5.3,0.2286,71.3,0.0051942,129.88
6300.0,2.0,0.2286,71.3,0.00293031,120.786
5000.0,5.4,0.1524,55.5,0.00433288,118.757
800,7.3,0.2286,39.6,0.0123481,126.299
6300,1.5,0.3048,39.6,0.00392107,114.751
2000.0,6.7,0.1016,31.7,0.00592927,120.446
5000.0,2.7,0.1524,39.6,0.00294804,121.499
630.0,15.6,0.1016,71.3,0.0437259,122.288
3150.0,4.0,0.2286,55.5,0.0042862,122.394
12500.0,4.0,0.3048,71.3,0.00497773,107.405
200.0,15.6,0.1016,71.3,0.0437259,130.898
2000.0,2.0,0.2286,71.3,0.00293031,126.896
2000.0,19.7,0.0508,39.6,0.036484,117.724
1250.0,0.0,0.0508,39.6,0.000791822,129.148
630.0,8.4,0.0508,39.6,0.00566229,126.045
1000,12.7,0.0254,71.3,0.0121808,131.698
2000.0,7.2,0.1524,39.6,0.00909175,120.228
1250.0,0.0,0.2286,39.6,0.00253511,129.395
2000.0,15.4,0.0508,39.6,0.0282593,123.443
1000,2,0.2286,31.7,0.00372371,130.307
315.0,8.9,0.1016,39.6,0.0124596,135.38
4000,8.4,0.0508,71.3,0.00529514,126.926
1600.0,4.8,0.0254,31.7,0.000930789,128.718
5000.0,2.0,0.2286,55.5,0.00313525,120.472
10000.0,0.0,0.3048,55.5,0.00283081,113.076
4000.0,4.0,0.3048,71.3,0.00497773,119.535
630.0,0.0,0.1016,39.6,0.00146332,125.401
2500.0,12.7,0.0254,39.6,0.0130253,129.027
2500.0,7.3,0.2286,55.5,0.0111706,118.994
500.0,3.0,0.3048,39.6,0.00495741,127.632
5000.0,0.0,0.0508,55.5,0.00076193,134.556
5000.0,12.3,0.1016,31.7,0.0418756,107.147
400.0,12.3,0.1016,55.5,0.0368233,136.414
1250.0,12.3,0.1016,71.3,0.0337792,126.648
4000,4,0.3048,39.6,0.00579636,115.863
1000.0,2.0,0.2286,39.6,0.00346574,129.147
1250.0,17.4,0.0254,39.6,0.0172206,131.364
200.0,22.2,0.0254,39.6,0.0229028,116.066
630.0,6.7,0.1016,55.5,0.0052139,133.023
400,9.9,0.1524,71.3,0.0193001,135.079
2500.0,15.4,0.0508,39.6,0.0282593,122.413
2500.0,4.2,0.0508,71.3,0.00142788,131.978
5000.0,7.3,0.2286,39.6,0.0123481,111.959
5000.0,5.3,0.2286,71.3,0.0051942,118.05
3150.0,0.0,0.1016,39.6,0.00146332,130.961
500.0,0.0,0.3048,55.5,0.00283081,126.416
250.0,7.2,0.1524,39.6,0.00909175,127.488
3150.0,3.0,0.3048,55.5,0.00452492,120.189
1000.0,19.7,0.0508,39.6,0.036484,118.904
250.0,7.3,0.2286,71.3,0.0104404,139.918
200,12.6,0.1524,39.6,0.0584113,114.75
3150,4,0.2286,71.3,0.00400603,124.108
200.0,9.9,0.1524,71.3,0.0193001,134.319
3150.0,8.9,0.1016,71.3,0.0103088,123.263
10000.0,1.5,0.3048,39.6,0.00392107,108.991
5000.0,0.0,0.0254,31.7,0.000439472,138.607
250.0,17.4,0.0254,39.6,0.0172206,114.714
8000.0,17.4,0.0254,71.3,0.016104,115.466
8000.0,4.0,0.2286,71.3,0.00400603,112.848
800.0,3.0,0.3048,55.5,0.00452492,129.949
3150,4,0.2286,39.6,0.00473801,120.419
2500.0,9.9,0.1524,71.3,0.0193001,119.639
4000.0,5.3,0.2286,71.3,0.0051942,120.33
200.0,15.4,0.0508,55.5,0.0271925,122.94
2000.0,8.4,0.0508,39.6,0.00566229,129.965
2000,3,0.3048,31.7,0.00529514,120.088
250.0,19.7,0.0508,39.6,0.036484,127.224
4000.0,7.3,0.2286,55.5,0.0111706,117.284
5000.0,0.0,0.2286,71.3,0.00214345,124.304
1600.0,3.0,0.3048,71.3,0.00425727,126.514
4000.0,2.0,0.2286,55.5,0.00313525,122.232
400.0,0.0,0.3048,31.7,0.00331266,125.045
1000,4,0.3048,39.6,0.00579636,128.723
500.0,15.4,0.0508,55.5,0.0271925,127.22
5000.0,0.0,0.1524,71.3,0.0015988,126.457
2000,7.3,0.2286,71.3,0.0104404,122.708
800,0,0.3048,55.5,0.00283081,128.086
5000.0,0.0,0.2286,55.5,0.00229336,122.41
630.0,7.3,0.2286,55.5,0.0111706,130.934
1600.0,5.3,0.2286,71.3,0.0051942,130.46
2500.0,7.2,0.1524,39.6,0.00909175,117.478
8000.0,3.0,0.3048,55.5,0.00452492,113.799
3150,15.4,0.0508,39.6,0.0282593,120.513
3150.0,2.7,0.1524,39.6,0.00294804,122.919
1000.0,4.0,0.2286,55.5,0.0042862,132.134
4000.0,0.0,0.1016,39.6,0.00146332,127.801
6300.0,0.0,0.1524,71.3,0.0015988,125.427
3150.0,0.0,0.1524,31.7,0.00209405,124.207
1600.0,0.0,0.1524,39.6,0.00193287,131.013
2000.0,22.2,0.0254,71.3,0.0214178,127.197
2000.0,4.0,0.2286,55.5,0.0042862,124.254
6300.0,12.3,0.1016,39.6,0.0408268,107.985
400.0,5.4,0.1524,71.3,0.00401199,124.121
3150.0,4.8,0.0254,71.3,0.000848633,133.378
800,0,0.1016,39.6,0.00146332,128.401
400.0,9.5,0.0254,55.5,0.0043284,120.952
250.0,11.2,0.0508,71.3,0.014072,127.101
500.0,9.9,0.1524,71.3,0.0193001,131.279
10000.0,0.0,0.3048,71.3,0.00266337,115.391
4000.0,11.2,0.0508,39.6,0.0150478,115.52
1000.0,15.6,0.1016,39.6,0.0528487,119.224
4000,0,0.2286,71.3,0.00214345,125.824
1000.0,6.7,0.1016,31.7,0.00592927,131.636
2500.0,11.2,0.0508,71.3,0.014072,130.541
3150,0,0.1016,31.7,0.00150092,129.973
250.0,9.5,0.0254,39.6,0.00449821,116.924
5000,8.9,0.1016,71.3,0.0103088,116.723
500,2,0.2286,71.3,0.00293031,126.486
4000,3.3,0.1016,31.7,0.00251435,124.852
3150.0,5.4,0.1524,31.7,0.00525474,118.291
500,17.4,0.0254,39.6,0.0172206,117.514
1600.0,0.0,0.3048,55.5,0.00283081,126.986
800.0,0.0,0.1016,31.7,0.00150092,129.053
1000.0,7.2,0.1524,39.6,0.00909175,128.338
1250,8.4,0.0508,39.6,0.00566229,131.205
2000.0,0.0,0.1524,31.7,0.00209405,128.907
1600.0,5.4,0.1524,31.7,0.00525474,123.761
1600.0,15.6,0.1016,71.3,0.0437259,121.528
315.0,9.9,0.1524,55.5,0.0208438,132.355
4000.0,8.4,0.0508,55.5,0.00544854,122.612
1250.0,12.6,0.1524,39.6,0.0584113,112.16
8000.0,12.7,0.0254,39.6,0.0130253,120.607
5000.0,0.0,0.0254,71.3,0.000400682,136.837
5000.0,0.0,0.0254,39.6,0.000428464,136.536
2000.0,0.0,0.2286,71.3,0.00214345,128.244
2500.0,2.0,0.2286,71.3,0.00293031,127.006
400,9.9,0.1524,39.6,0.0233328,128.345
800.0,22.2,0.0254,39.6,0.0229028,137.076
1600.0,7.3,0.2286,55.5,0.0111706,123.354
1600,8.4,0.0508,31.7,0.00580776,129.296
800.0,4.8,0.0254,31.7,0.000930789,122.648
4000,7.3,0.2286,71.3,0.0104404,119.208
400.0,22.2,0.0254,39.6,0.0229028,123.416
1250.0,3.3,0.1016,31.7,0.00251435,134.022
2500.0,12.3,0.1016,55.5,0.0368233,117.054
3150.0,15.4,0.0508,55.5,0.0271925,123.46
500.0,1.5,0.3048,39.6,0.00392107,126.661
3150.0,9.9,0.1524,55.5,0.0208438,115.085
2500.0,4.0,0.3048,71.3,0.00497773,123.775
4000.0,9.9,0.1524,55.5,0.0208438,112.945
1600.0,12.3,0.1016,55.5,0.0368233,121.824
2000.0,0.0,0.0508,71.3,0.000740478,131.06
10000.0,3.3,0.1016,39.6,0.00245138,115.321
6300,17.4,0.0254,71.3,0.016104,119.916
4000.0,4.8,0.0254,71.3,0.000848633,134.928
1000.0,8.9,0.1016,39.6,0.0124596,129.58
500.0,0.0,0.1524,55.5,0.00172668,120.573
8000,0,0.0508,71.3,0.000740478,130.89
1000,5.3,0.2286,39.6,0.00614329,125.581
200.0,17.4,0.0254,71.3,0.016104,112.506
12500.0,4.8,0.0254,55.5,0.000873218,125.094
400.0,4.0,0.3048,71.3,0.00497773,129.575
1000,15.4,0.0508,31.7,0.0289853,124.525
800,5.4,0.1524,31.7,0.00525474,131.491
1600.0,9.5,0.0254,31.7,0.00461377,131.036
250.0,12.6,0.1524,39.6,0.0584113,115.89
800.0,6.7,0.1016,31.7,0.00592927,132.886
1000.0,4.0,0.2286,39.6,0.00473801,129.969
1250.0,4.0,0.3048,71.3,0.00497773,129.395
1250,7.2,0.1524,71.3,0.00752039,132.513
630.0,12.6,0.1524,71.3,0.0483159,123.304
3150.0,9.5,0.0254,39.6,0.00449821,129.934
12500.0,0.0,0.0254,31.7,0.000439472,128.977
12500.0,0.0,0.0508,31.7,0.000812164,119.07
1250.0,3.0,0.3048,39.6,0.00495741,125.802
6300.0,15.6,0.1016,39.6,0.0528487,104.204
3150,7.2,0.1524,39.6,0.00909175,111.818
250.0,15.4,0.0508,39.6,0.0282593,122.893
2000.0,19.7,0.0508,71.3,0.0341183,120.055
5000.0,12.3,0.1016,39.6,0.0408268,108.625
2000.0,4.8,0.0254,39.6,0.000907475,128.916
1000.0,2.0,0.2286,71.3,0.00293031,128.956
1250.0,0.0,0.2286,31.7,0.0027238,128.805
1250.0,1.5,0.3048,71.3,0.00336729,125.872
1000.0,11.2,0.0508,39.6,0.0150478,132.43
315.0,7.3,0.2286,55.5,0.0111706,136.284
1600.0,3.3,0.1016,55.5,0.002211,133.649
16000,0,0.2286,71.3,0.00214345,114.984
400,15.4,0.0508,71.3,0.0264269,126.805
800,12.6,0.1524,71.3,0.0483159,123.054
250.0,9.9,0.1524,55.5,0.0208438,133.235
5000.0,0.0,0.3048,39.6,0.00310138,117.789
1600.0,15.6,0.1016,39.6,0.0528487,114.554
2000.0,8.4,0.0508,55.5,0.00544854,133.042
8000.0,4.2,0.0508,39.6,0.00152689,120.397
6300.0,0.0,0.3048,31.7,0.00331266,113.775
1600.0,0.0,0.0254,31.7,0.000439472,129.267
1250,3,0.3048,55.5,0.00452492,127.329
2500,4,0.2286,71.3,0.00400603,124.338
315.0,11.2,0.0508,39.6,0.0150478,128.99
8000,4.8,0.0254,39.6,0.000907475,131.346
400.0,12.7,0.0254,71.3,0.0121808,125.048
400.0,2.0,0.2286,39.6,0.00346574,122.147
6300.0,7.2,0.1524,39.6,0.00909175,112.688
500.0,0.0,0.2286,39.6,0.00253511,126.195
630.0,2.0,0.2286,55.5,0.00313525,126.842
3150.0,4.8,0.0254,31.7,0.000930789,134.268
500.0,0.0,0.1524,39.6,0.00193287,119.513
800.0,15.4,0.0508,39.6,0.0282593,128.423
1250.0,2.0,0.2286,39.6,0.00346574,128.257
6300.0,3.0,0.3048,39.6,0.00495741,114.042
630,0,0.1016,55.5,0.00131983,126.17
1600.0,8.9,0.1016,71.3,0.0103088,128.763
3150.0,9.9,0.1524,39.6,0.0233328,113.525
2500.0,2.0,0.2286,55.5,0.00313525,123.862
800.0,8.9,0.1016,39.6,0.0124596,130.94
2000.0,15.6,0.1016,39.6,0.0528487,110.894
1600.0,1.5,0.3048,39.6,0.00392107,122.211
2000.0,0.0,0.1524,39.6,0.00193287,129.633
5000.0,7.2,0.1524,71.3,0.00752039,118.343
200.0,9.9,0.1524,39.6,0.0233328,127.315
4000,0,0.0508,31.7,0.000812164,134.11
1600.0,0.0,0.1524,31.7,0.00209405,130.817
500.0,4.0,0.2286,71.3,0.00400603,126.758
400.0,5.4,0.1524,31.7,0.00525474,127.781
1600.0,2.0,0.2286,31.7,0.00372371,125.797
10000.0,12.7,0.0254,39.6,0.0130253,116.017
200.0,9.5,0.0254,39.6,0.00449821,116.074
800.0,0.0,0.3048,31.7,0.00331266,129.235
4000.0,0.0,0.0508,55.5,0.00076193,134.946
315.0,0.0,0.2286,55.5,0.00229336,119.54
315,15.6,0.1016,71.3,0.0437259,133.808
1600.0,6.7,0.1016,39.6,0.00578076,127.375
500.0,15.4,0.0508,31.7,0.0289853,123.695
5000.0,2.0,0.2286,39.6,0.00346574,118.827
6300.0,0.0,0.1016,55.5,0.00131983,127.73
10000.0,0.0,0.0508,31.7,0.000812164,122.45
800.0,9.5,0.0254,31.7,0.00461377,130.746
1600.0,0.0,0.1524,71.3,0.0015988,129.667
1600.0,4.8,0.0254,55.5,0.000873218,121.474
1600.0,15.4,0.0508,39.6,0.0282593,124.843
1250.0,9.9,0.1524,39.6,0.0233328,120.555
2000.0,0.0,0.2286,55.5,0.00229336,126.54
8000.0,3.3,0.1016,71.3,0.00202822,121.234
12500.0,0.0,0.0508,71.3,0.000740478,125.22
4000.0,0.0,0.1016,31.7,0.00150092,126.933
500.0,4.0,0.3048,71.3,0.00497773,130.715
6300,0,0.0254,39.6,0.000428464,136.826
1000.0,7.2,0.1524,71.3,0.00752039,134.273
500.0,22.2,0.0254,71.3,0.0214178,117.967
10000.0,0.0,0.1524,55.5,0.00172668,119.253
3150.0,12.3,0.1016,71.3,0.0337792,120.798
8000.0,4.8,0.0254,71.3,0.000848633,131.518
10000.0,0.0,0.1524,71.3,0.0015988,120.247
12500.0,2.7,0.1524,39.6,0.00294804,108.649
800.0,7.3,0.2286,71.3,0.0104404,130.748
1250.0,9.9,0.1524,31.7,0.0252785,118.619
800.0,8.4,0.0508,39.6,0.00566229,128.435
1000.0,0.0,0.0508,39.6,0.000791822,127.638
8000.0,4.8,0.0254,55.5,0.000873218,132.184
1000.0,9.5,0.0254,55.5,0.0043284,130.332
2000.0,12.7,0.0254,71.3,0.0121808,134.228
500.0,6.7,0.1016,55.5,0.0052139,129.343
3150.0,0.0,0.2286,39.6,0.00253511,124.625
3150.0,7.3,0.2286,39.6,0.0123481,114.309
6300.0,2.7,0.1524,71.3,0.00243851,121.944
2000.0,5.3,0.2286,71.3,0.0051942,125.89
1250.0,5.4,0.1524,31.7,0.00525474,123.991
5000,4,0.3048,71.3,0.00497773,117.785
630,0,0.1016,71.3,0.00121072,124.155
2500,4.8,0.0254,39.6,0.000907475,131.236
5000.0,2.0,0.2286,71.3,0.00293031,122.816
500,9.9,0.1524,55.5,0.0208438,127.815
1250.0,6.7,0.1016,39.6,0.00578076,132.395
500.0,5.3,0.2286,39.6,0.00614329,132.251
8000.0,0.0,0.3048,55.5,0.00283081,116.476
4000.0,0.0,0.0508,71.3,0.000740478,134.43
12500.0,0.0,0.0254,39.6,0.000428464,129.116
2000.0,0.0,0.1016,71.3,0.00121072,132.095
500.0,3.0,0.3048,71.3,0.00425727,128.454
4000.0,2.0,0.2286,39.6,0.00346574,120.227
200.0,17.4,0.0254,31.7,0.0176631,116.146
4000.0,1.5,0.3048,39.6,0.00392107,117.741
3150.0,0.0,0.2286,71.3,0.00214345,127.834
2000.0,3.3,0.1016,31.7,0.00251435,131.642
800.0,0.0,0.1524,31.7,0.00209405,129.117
1600.0,2.0,0.2286,39.6,0.00346574,125.837
6300.0,12.6,0.1524,39.6,0.0584113,103.38
1250.0,4.0,0.2286,71.3,0.00400603,131.718
2000,4.8,0.0254,71.3,0.000848633,128.398
2000.0,8.4,0.0508,71.3,0.00529514,134.476
1250.0,0.0,0.2286,71.3,0.00214345,128.144
2500.0,12.6,0.1524,39.6,0.0584113,106.88
5000.0,5.3,0.2286,39.6,0.00614329,115.311
1250.0,0.0,0.1016,31.7,0.00150092,133.063
1000.0,15.4,0.0508,39.6,0.0282593,127.893
2500,0,0.0254,31.7,0.000439472,132.897
800.0,4.0,0.2286,55.5,0.0042862,131.864
800.0,3.3,0.1016,71.3,0.00202822,131.074
630.0,4.0,0.2286,55.5,0.0042862,129.964
1250,12.3,0.1016,31.7,0.0418756,118.767
1000.0,5.3,0.2286,71.3,0.0051942,134.0
5000.0,0.0,0.1524,31.7,0.00209405,122.397
4000,3,0.3048,55.5,0.00452492,118.689
1250.0,7.2,0.1524,39.6,0.00909175,122.428
800.0,2.0,0.2286,31.7,0.00372371,130.307
800.0,4.0,0.2286,39.6,0.00473801,130.469
6300.0,0.0,0.2286,31.7,0.0027238,116.815
1600.0,9.5,0.0254,39.6,0.00449821,131.184
630.0,0.0,0.1524,55.5,0.00172668,123.583
1000,3.3,0.1016,39.6,0.00245138,131.971
250.0,15.6,0.1016,71.3,0.0437259,132.158
6300,5.3,0.2286,71.3,0.0051942,116.92
800.0,3.3,0.1016,31.7,0.00251435,131.362
1250.0,4.0,0.2286,55.5,0.0042862,131.264
630,22.2,0.0254,39.6,0.0229028,137.026
800.0,12.6,0.1524,39.6,0.0584113,116.56
2000,4,0.3048,39.6,0.00579636,120.963
12500.0,0.0,0.2286,71.3,0.00214345,117.624
8000,3,0.3048,71.3,0.00425727,114.634
3150.0,19.7,0.0508,39.6,0.036484,113.004
400.0,17.4,0.0254,31.7,0.0176631,120.766
2500.0,9.5,0.0254,39.6,0.00449821,131.234
6300.0,4.0,0.2286,31.7,0.00509068,112.699
630.0,3.3,0.1016,55.5,0.002211,126.599
3150.0,12.7,0.0254,71.3,0.0121808,133.758
1600.0,5.4,0.1524,71.3,0.00401199,133.241
2000.0,2.0,0.2286,31.7,0.00372371,123.037
1600,8.4,0.0508,55.5,0.00544854,133.032
